email: virginiawarren@example.com, password: i4XPYu8u!M
email: diane27@example.org, password: s99ANkk__&
email: angiesanders@example.org, password: #5CC7NSihI
email: matthewbarnett@example.org, password: x6PCReUz%t
email: jacquelinecowan@example.com, password: V5wJKQHy$O
email: beckclayton@example.net, password: &7o2xAjT&9
email: xmosley@example.org, password: Lu9sKHeE8!
email: isaacshannon@example.net, password: &q6CUXk#G#
email: vbaird@example.org, password: M!2xP2ZzAr
email: oclayton@example.com, password: &tnDqpMH^9
